{
  "method": "ferraris",
  "timestamp": "2026-03-04 23:37:04",
  "sampling_rate_hz": 100.0,
  "accel": {
    "matrix_M": [
      [
        -0.10556894555354134,
        0.49776790614086613,
        0.568355917555531
      ],
      [
        -0.6604687138461642,
        -0.9946688798085982,
        0.47921702452595627
      ],
      [
        1.1344942451326867,
        -0.7601701810353054,
        1.1426250570025238
      ]
    ],
    "bias_ms2": [
      0.590924616729057,
      0.599688458894861,
      1.6891922702311146
    ],
    "bias_g": [
      0.06025754123263878,
      0.061151204427083765,
      0.17224967447916614
    ],
    "unit": "m/s^2"
  },
  "gyro": {
    "matrix_M": [
      [
        -11.854257948795713,
        0.8450397551333518,
        0.7799189727023657
      ],
      [
        0.9666606871210347,
        1.7205548932003538,
        -2.5011336311881043
      ],
      [
        0.05021546690745414,
        0.09692292791290356,
        -0.4150462060718154
      ]
    ],
    "bias_dps": [
      0.9018563685636876,
      -3.9219241192411842,
      0.37464092140921385
    ],
    "unit": "deg/s"
  },
  "gyro_compat": {
    "gyro_bias_lsb": [
      14.790444444444475,
      -64.31955555555541,
      6.144111111111107
    ],
    "gyro_bias_dps": [
      0.9018563685636876,
      -3.9219241192411842,
      0.37464092140921385
    ]
  },
  "accel_compat": {
    "full": {
      "misalignment_matrix": [
        [
          -22.04679482735212,
          103.95279445850457,
          118.6942451452563
        ],
        [
          -137.93088628195608,
          -207.7245405768544,
          100.07866766216378
        ],
        [
          236.92537349979276,
          -158.7523293642891,
          238.62339501676607
        ]
      ],
      "accel_bias_lsb": [
        123.40744444444422,
        125.23766666666755,
        352.76733333333226
      ]
    }
  }
}