{
  "timestamp": "2026-03-04 23:37:04",
  "method": "ferraris",
  "gyro": {
    "gyro_bias_lsb": [
      14.790444444444475,
      -64.31955555555541,
      6.144111111111107
    ],
    "gyro_bias_dps": [
      0.9018563685636876,
      -3.9219241192411842,
      0.37464092140921385
    ]
  },
  "accel": {
    "full": {
      "misalignment_matrix": [
        [
          -22.04679482735212,
          103.95279445850457,
          118.6942451452563
        ],
        [
          -137.93088628195608,
          -207.7245405768544,
          100.07866766216378
        ],
        [
          236.92537349979276,
          -158.7523293642891,
          238.62339501676607
        ]
      ],
      "accel_bias_lsb": [
        123.40744444444422,
        125.23766666666755,
        352.76733333333226
      ]
    }
  }
}